model,RMSE,MAE,R2
Ridge,95.90078036296481,56.509655032745755,0.3408384435278503
RandomForest_best,87.21987604474954,49.13031208318715,0.45477153826022165
